name,set,bin,k,D,psi_clauses,psi_vars,psi_sat_clauses,lemmas,hint_steps,Q,NL,TT,TD,r1cs,wires,pred,c_commit,c_model,c_clause_table,c_range,c_fs_hash,c_refutation,share_commit,share_model,share_clause_table,share_range,share_fs_hash,share_refutation,t_rep,rep_iters,sigma,orig,t_wit,t_wtns,t_prove,t_inst,t_compile,t_setup,t_crscheck,aux_mb,t_verify_ms,proof_bytes,pk_mb,mem_prove_mb,timing,bridge_ok,bridge_ref_ok,orig_violates,tam_T1_unsafe_sigma,tam_T3_forged_refutation,tam_T3b_forged_lookup,tam_T6_bad_model,tam_T2_wrong_statement,tam_T4_wrong_opening,tam_T5_corrupted_proof,tam_T7_subverted_crs,tam_T2b_other_instance_vk
ic_grade_1,IC,introclass,3,1,2029,3099,2010,598,3005,11,608,3024,720,1868510,1864803,1871625,96,6220,6087,1242944,202678,413600,5.129232618713685e-05,0.003323315300874908,0.0032522540573031457,0.6640988445869231,0.10828985507246376,0.22098443865624792,0.8277010917663574,7,3 3 3,2 2 2,0.09512615203857422,35.04754614830017,23.323768188,0.10945940017700195,392.1478011608124,85.823084657,547.918367513,64.00025177001953,1.8528745999999998,128,348.54664611816406,3151.76953125,quiet,True,True,True,True,True,True,True,True,True,True,True,True
ic_grade_2,IC,introclass,1,1,1537,2625,1534,608,2755,10,624,2784,784,1605696,1602348,1608081,272,4950,4611,1071808,175272,351168,0.00016914570845622827,0.0030782031502144484,0.0028673928738664283,0.6665136892979894,0.10899450960492661,0.21837705936454693,0.4754190444946289,3,3,2,0.09614372253417969,29.926064252853394,23.810659363,0.04943585395812988,324.39650797843933,80.650584108,501.641721766,64.00025177001953,1.9162629500000001,128,308.4991912841797,2764.234375,quiet,True,True,True,True,True,True,True,True,True,True,True,True
ic_grade_3,IC,introclass,4,1,1739,3086,1720,615,2227,11,624,2240,752,1472322,1469313,1474543,128,5724,5217,986368,161266,315840,8.68065563364378e-05,0.0038818806911700776,0.0035380453469312186,0.6689313231285897,0.10936676651681233,0.21419517776016025,0.9762156009674072,9,3 3 3 3,2 2 2 2,0.1058967113494873,27.584946155548096,23.018927849,0.04726719856262207,276.487943649292,76.863487174,465.46135689,64.00025177001953,1.9195100999999997,128,288.1996612548828,2504.20703125,quiet,True,True,True,True,True,True,True,True,True,True,True,True
ic_median_1,IC,introclass,3,1,1013,2096,1010,420,1890,5,432,1904,528,598530,596181,599636,96,3430,3039,400224,65647,127200,0.00016009712558952432,0.0057201368830423795,0.005068074631943379,0.6674449165827269,0.10947808337057816,0.2121286914061197,0.05476069450378418,2,0 0 2,0 2 0,0.06122589111328125,11.459834098815918,11.145556387,0.0462346076965332,97.27726864814758,35.303033171,200.092993133,32.00025177001953,1.9617164499999997,128,122.97029113769531,1147.9921875,quiet,True,True,True,True,True,True,True,True,True,True,True,True
ic_median_2,IC,introclass,2,1,1039,1944,1033,445,2041,9,448,2048,560,1041310,1038816,1042750,325,3291,3117,689296,113153,233568,0.00031167585710860704,0.003156077679213618,0.002989211220330856,0.661036681850875,0.10851402541356989,0.22399232797890195,0.06642532348632812,2,2 2,1 1,0.08238053321838379,19.57743525505066,13.049471467,0.04211115837097168,183.39041924476624,50.221769082,304.355628719,32.00025177001953,1.97743025,128,190.5110321044922,1713.55859375,quiet,True,True,True,True,True,True,True,True,True,True,True,True
ic_median_3,IC,introclass,1,1,765,1706,751,357,1774,5,368,1792,416,532437,530430,533689,272,2623,2295,351952,58339,118208,0.0005096601204072034,0.004914847411132701,0.004300257265935779,0.6594702157998384,0.10931272707513177,0.22149229232755407,0.04438495635986328,2,0,1,0.057572126388549805,10.049822568893433,10.649373703,0.04305720329284668,83.22151470184326,32.53091593,181.6938639,32.00025177001953,1.9545090000000003,128,112.93748474121094,1052.45703125,quiet,True,True,True,True,True,True,True,True,True,True,True,True
ic_smallest_1,IC,introclass,2,1,1068,2252,1054,275,1740,8,288,1760,320,765246,763162,766953,325,3538,3204,501600,82702,175584,0.00042375478027988675,0.0046130597311699675,0.004177570203128484,0.6540166085796653,0.10783190104217599,0.22893710566358041,0.07245492935180664,3,4294967295 4294967295,1 2,0.0617218017578125,14.426806688308716,11.561299997999999,0.04045414924621582,128.3887996673584,40.278331773,236.435480318,32.00025177001953,1.949018,128,148.44956970214844,1330.765625,quiet,True,True,True,True,True,True,True,True,True,True,True,True
m1_parity,Micro,nonlinear,2,2,9862,2575,9011,99,276,4,112,304,96,120965,118292,135736,325,20076,29586,56624,11445,17680,0.002394353745505982,0.14790475629162492,0.2179672305062769,0.4171627276477869,0.0843180880532799,0.13025284375552543,0.13952231407165527,2,0 0,1 3,0.08708620071411133,2.937100410461426,1.97103243,0.05650806427001953,37.17050337791443,6.15993298,35.233836428,4.000251770019531,1.9403657000000003,128,22.050216674804688,184.2890625,quiet,True,True,True,True,True,True,True,True,True,True,True,True
m2_clamp,Micro,linear,2,2,1095,932,961,207,788,4,208,800,256,203771,202292,204817,325,2832,3285,131296,22407,44672,0.001586782347168448,0.013826977252864752,0.016038707724456466,0.6410405386271647,0.10940009862462588,0.21810689542371972,0.08548307418823242,3,32 32,5 60,0.05049848556518555,3.9084579944610596,3.391936363,0.04108405113220215,28.317221641540527,11.139049269,63.915702054,8.000251770019531,1.8838319499999998,128,38.86759948730469,359.8359375,quiet,True,True,True,True,True,True,True,True,True,True,True,True
m3_accum,Micro,linear,1,4,1846,1186,1712,400,1561,6,416,1584,480,581983,579357,584128,272,4578,5538,384272,63212,126256,0.0004656513640845842,0.007837323326394216,0.009480798729045689,0.6578558124246741,0.10821600745042183,0.21614440670537965,0.07025814056396484,3,8,15,0.056116342544555664,10.930156469345093,10.814374316,0.036817073822021484,87.5295090675354,34.223854109,194.232828338,32.00025177001953,1.9467824500000002,128,120.40315246582031,1079.90234375,quiet,True,True,True,True,True,True,True,True,True,True,True,True
m4_threshold,Micro,linear,1,2,1213,833,1146,204,605,4,208,624,208,167033,165605,168169,272,3010,3639,107440,18144,35664,0.0016174205709732473,0.017898661465549536,0.02163894653592517,0.6388811255344327,0.10789146632256837,0.21207237957055106,0.04667210578918457,2,2147483648,100,0.05314755439758301,3.3218650817871094,3.190124567,0.0370180606842041,21.187257051467896,9.934163249000001,55.136461904,8.000251770019531,1.9462917499999999,128,33.26960754394531,304.74609375,quiet,True,True,True,True,True,True,True,True,True,True,True,True
m5_offset,Micro,linear,2,2,1754,1069,1358,350,1268,4,352,1280,416,348711,346363,349758,325,3594,5262,230592,38241,71744,0.0009292139136202746,0.01027567632477313,0.0150446880414458,0.6592901377523888,0.10933559775616283,0.20512468621160918,0.0497593879699707,2,0 4294967293,5 1,0.04706931114196777,6.799603223800659,6.091346759,0.035813093185424805,51.09424042701721,19.193108701,111.451233821,16.00025177001953,1.85546075,128,68.85108947753906,648.9921875,quiet,True,True,True,True,True,True,True,True,True,True,True,True
m6_loopstep,Micro,linear,1,6,3609,1350,3434,579,2061,4,592,2080,768,600698,595792,602396,272,8082,10827,399680,66255,117280,0.00045153022264424067,0.013416423747833651,0.01797322691385733,0.6634838212737136,0.10998579007828738,0.19468920776366377,0.05491471290588379,2,2,3,0.07975411415100098,11.525612831115723,11.045823124,0.042413949966430664,95.81379246711731,35.240875025,198.521325898,32.00025177001953,2.00188625,128,122.91093444824219,1170.34375,quiet,True,True,True,True,True,True,True,True,True,True,True,True
sv1_afnp2014,SV,linear,1,7,5022,2593,4950,184,469,4,192,480,192,164084,158828,164680,272,11456,15066,92736,16926,28224,0.0016516881224192374,0.06956521739130435,0.09148651931017732,0.5631284916201117,0.10278115132377945,0.1713869322322079,0.08667945861816406,3,1073741824,0,0.06581497192382812,3.1350390911102295,3.19516004,0.04955482482910156,25.202048301696777,9.627997916,53.064252727,8.000251770019531,1.9286002,128,32.23551940917969,289.171875,quiet,True,True,True,True,True,True,True,True,True,True,True,True
sv2_count_up_down,SV,linear,2,2,2087,1170,1908,271,1001,4,272,1008,384,276221,273438,276801,325,4787,6261,178320,30324,56784,0.0011741287061824198,0.01729401266613921,0.0226191379366404,0.6442173258044588,0.10955162734238677,0.2051437675441924,0.0619969367980957,3,0 1,1 2,0.05033111572265625,5.295790672302246,5.74128333,0.03348493576049805,39.518720626831055,16.680472482,93.660745998,16.00025177001953,1.8565596,128,57.72361755371094,537.0234375,quiet,True,True,True,True,True,True,True,True,True,True,True,True
sv3_gsv2008,SV,linear,1,3,3104,1290,3035,42,1897,33,48,1904,608,2721398,2716603,2722051,272,7160,9312,1714416,280043,710848,9.99246524036471e-05,0.0026303695265077693,0.003420949864642507,0.6298250841001877,0.10287940968042113,0.26114426217583725,0.0491795539855957,2,4294967295,0,0.10261678695678711,49.33088421821594,43.60009278,0.04021096229553223,752.261745929718,135.286762665,851.346223541,128.00025177001953,1.9111174000000002,128,542.5210113525391,4489.8046875,quiet,True,True,True,True,True,True,True,True,True,True,True,True
sv4_invgen_up,SV,linear,1,3,2540,1384,2531,324,1020,4,336,1040,384,301278,297901,301866,272,5854,7620,195952,32760,59408,0.0009010620606494272,0.0193927106729476,0.02524298861084057,0.6491357092219726,0.10852497465762954,0.1968025547759602,0.15369224548339844,2,0,4294967295,0.057476043701171875,5.832404613494873,5.868596469,0.03692150115966797,41.603607177734375,17.692932489,99.864385056,16.00025177001953,1.98819895,128,61.45637512207031,568.11328125,quiet,True,True,True,True,True,True,True,True,True,True,True,True
sv5_cggmp2005,SV,linear,2,6,5948,2002,5897,212,621,4,224,640,224,208081,201693,208682,325,14028,17844,118368,21189,36928,0.0015573935461611448,0.06722189743245705,0.0855080936544599,0.567217105452315,0.1015372672295646,0.17695824268504232,0.06807780265808105,2,7 268435455,11 2,0.06553006172180176,3.901353120803833,3.437534937,0.04400634765625,37.0682487487793,10.996626103,62.977141549,8.000251770019531,1.85769205,128,38.77619934082031,345.99609375,quiet,True,True,True,True,True,True,True,True,True,True,True,True
sv6_css2003,SV,linear,2,4,8857,2759,8839,12,31,4,16,48,16,61249,52523,61853,325,20389,26571,8112,3528,2928,0.00525439348131861,0.32963639597109273,0.42958304366805167,0.1311496612937125,0.05703846216028325,0.0473380434255412,0.15941357612609863,2,1073741822 2147483649,2 1,0.08640694618225098,2.604674816131592,1.092349953,0.06876063346862793,25.02662944793701,2.7522854580000002,14.990200804,2.0002517700195312,1.85949955,128,10.014663696289062,86.91796875,quiet,True,True,True,True,True,True,True,True,True,True,True,True
